{"cameraMode":{"drawMode":0,"name":"Shaded","section":"Shading Mode"},"sceneLighting":false,"audioPlay":false,"sceneViewState":{"showFog":true,"showMaterialUpdate":false,"showSkybox":false,"showFlares":true,"showImageEffects":true,"showParticleSystems":true},"in2DMode":false,"pivot":{"x":-0.13108594715595246,"y":0.12696582078933717,"z":0.0678667426109314},"rotation":{"x":0.41344815492630007,"y":-0.2080870419740677,"z":0.10180164128541947,"w":0.8805880546569824},"size":0.6073950529098511,"orthographic":false}