{"cameraMode":{"drawMode":0,"name":"Shaded","section":"Shading Mode"},"sceneLighting":true,"audioPlay":false,"sceneViewState":{"showFog":true,"showMaterialUpdate":false,"showSkybox":false,"showFlares":true,"showImageEffects":true,"showParticleSystems":true},"in2DMode":false,"pivot":{"x":-2.0793590545654299,"y":-0.29129576683044436,"z":-2.858349084854126},"rotation":{"x":-0.06024792790412903,"y":0.9383009076118469,"z":-0.21972429752349854,"w":-0.2607796788215637},"size":4.035156726837158,"orthographic":false}