{"cameraMode":{"drawMode":0,"name":"Shaded","section":"Shading Mode"},"sceneLighting":false,"audioPlay":false,"sceneViewState":{"showFog":true,"showMaterialUpdate":false,"showSkybox":false,"showFlares":true,"showImageEffects":true,"showParticleSystems":true},"in2DMode":false,"pivot":{"x":0.0008184909820556641,"y":0.1758885383605957,"z":-0.4509795904159546},"rotation":{"x":-0.032592520117759708,"y":0.49778109788894656,"z":-0.01916946843266487,"w":-0.8666356801986694},"size":1.4857228994369507,"orthographic":false}