{"cameraMode":{"drawMode":0,"name":"Shaded","section":"Shading Mode"},"sceneLighting":false,"audioPlay":false,"sceneViewState":{"showFog":true,"showMaterialUpdate":false,"showSkybox":false,"showFlares":true,"showImageEffects":true,"showParticleSystems":true},"in2DMode":false,"pivot":{"x":-0.15995296835899354,"y":0.2599450349807739,"z":0.09745404124259949},"rotation":{"x":0.006586393807083368,"y":0.45060598850250246,"z":0.0029011941514909269,"w":-0.892846405506134},"size":0.39100196957588198,"orthographic":false}