{"cameraMode":{"drawMode":0,"name":"Shaded","section":"Shading Mode"},"sceneLighting":false,"audioPlay":false,"sceneViewState":{"showFog":true,"showMaterialUpdate":false,"showSkybox":false,"showFlares":true,"showImageEffects":true,"showParticleSystems":true},"in2DMode":false,"pivot":{"x":-1.1824465990066529,"y":-0.22413931787014008,"z":-0.07747309654951096},"rotation":{"x":0.055885199457407,"y":-0.7172464728355408,"z":0.06102548912167549,"w":0.6918984651565552},"size":0.7829245924949646,"orthographic":false}