{"cameraMode":{"drawMode":0,"name":"Shaded","section":"Shading Mode"},"sceneLighting":false,"audioPlay":false,"sceneViewState":{"showFog":true,"showMaterialUpdate":false,"showSkybox":false,"showFlares":true,"showImageEffects":true,"showParticleSystems":true},"in2DMode":false,"pivot":{"x":-0.09408044815063477,"y":1.3753775358200074,"z":0.7064952850341797},"rotation":{"x":-0.10205663740634918,"y":0.8386217355728149,"z":-0.16853030025959016,"w":-0.5078892707824707},"size":2.395951986312866,"orthographic":false}