{"cameraMode":{"drawMode":0,"name":"Shaded","section":"Shading Mode"},"sceneLighting":false,"audioPlay":false,"sceneViewState":{"showFog":true,"showMaterialUpdate":false,"showSkybox":false,"showFlares":true,"showImageEffects":true,"showParticleSystems":true},"in2DMode":false,"pivot":{"x":0.0,"y":0.5413123369216919,"z":-0.04742789268493652},"rotation":{"x":-0.026570947840809823,"y":0.21805627644062043,"z":-0.00634019123390317,"w":-0.9756941795349121},"size":1.7788958549499512,"orthographic":false}