{"cameraMode":{"drawMode":0,"name":"Shaded","section":"Shading Mode"},"sceneLighting":false,"audioPlay":false,"sceneViewState":{"showFog":true,"showMaterialUpdate":false,"showSkybox":false,"showFlares":true,"showImageEffects":true,"showParticleSystems":true},"in2DMode":false,"pivot":{"x":0.0,"y":0.6741883158683777,"z":0.0017410516738891602},"rotation":{"x":0.25377151370048525,"y":-0.3650952875614166,"z":0.10413773357868195,"w":0.8898599147796631},"size":2.333261251449585,"orthographic":false}