{"cameraMode":{"drawMode":0,"name":"Shaded","section":"Shading Mode"},"sceneLighting":false,"audioPlay":false,"sceneViewState":{"showFog":true,"showMaterialUpdate":false,"showSkybox":false,"showFlares":true,"showImageEffects":true,"showParticleSystems":true},"in2DMode":false,"pivot":{"x":-2.594304084777832,"y":-0.8042998313903809,"z":-1.844576120376587},"rotation":{"x":0.1693783551454544,"y":-0.7018502354621887,"z":0.1774483174085617,"w":0.6689095497131348},"size":7.772468090057373,"orthographic":false}