{"cameraMode":{"drawMode":0,"name":"Shaded","section":"Shading Mode"},"sceneLighting":false,"audioPlay":false,"sceneViewState":{"showFog":true,"showMaterialUpdate":false,"showSkybox":false,"showFlares":true,"showImageEffects":true,"showParticleSystems":true},"in2DMode":false,"pivot":{"x":-24.641429901123048,"y":-5.54180908203125,"z":-22.568784713745118},"rotation":{"x":0.355163037776947,"y":0.6226920485496521,"z":-0.36686912178993227,"w":0.5931004881858826},"size":40.00732421875,"orthographic":false}