{"cameraMode":{"drawMode":0,"name":"Shaded","section":"Shading Mode"},"sceneLighting":false,"audioPlay":false,"sceneViewState":{"showFog":true,"showMaterialUpdate":false,"showSkybox":false,"showFlares":true,"showImageEffects":true,"showParticleSystems":true},"in2DMode":false,"pivot":{"x":-0.07555602490901947,"y":0.026243086904287339,"z":0.002424970269203186},"rotation":{"x":-0.0486905574798584,"y":0.8706647157669067,"z":-0.08808095008134842,"w":-0.4815448224544525},"size":0.12327505648136139,"orthographic":false}