{"cameraMode":{"drawMode":0,"name":"Shaded","section":"Shading Mode"},"sceneLighting":false,"audioPlay":false,"sceneViewState":{"showFog":true,"showMaterialUpdate":false,"showSkybox":false,"showFlares":true,"showImageEffects":true,"showParticleSystems":true},"in2DMode":false,"pivot":{"x":0.0,"y":0.3232979476451874,"z":2.384185791015625e-7},"rotation":{"x":0.15267369151115418,"y":0.8271593451499939,"z":-0.26998430490493777,"w":0.46895426511764529},"size":1.3709343671798707,"orthographic":false}