{"cameraMode":{"drawMode":0,"name":"Shaded","section":"Shading Mode"},"sceneLighting":false,"audioPlay":false,"sceneViewState":{"showFog":true,"showMaterialUpdate":false,"showSkybox":false,"showFlares":true,"showImageEffects":true,"showParticleSystems":true},"in2DMode":false,"pivot":{"x":0.7697979211807251,"y":1.6111441850662232,"z":-1.0720385313034058},"rotation":{"x":-0.028271887451410295,"y":0.7574585676193237,"z":-0.03346332907676697,"w":-0.6516211032867432},"size":0.4577457308769226,"orthographic":false}