{"cameraMode":{"drawMode":0,"name":"Shaded","section":"Shading Mode"},"sceneLighting":false,"audioPlay":false,"sceneViewState":{"showFog":true,"showMaterialUpdate":false,"showSkybox":false,"showFlares":true,"showImageEffects":true,"showParticleSystems":true},"in2DMode":false,"pivot":{"x":-2.331355571746826,"y":-0.8965977430343628,"z":1.3907930850982667},"rotation":{"x":-0.1099337562918663,"y":0.5456534028053284,"z":-0.07296920567750931,"w":-0.8277232646942139},"size":4.177137851715088,"orthographic":false}