{"cameraMode":{"drawMode":0,"name":"Shaded","section":"Shading Mode"},"sceneLighting":false,"audioPlay":false,"sceneViewState":{"showFog":true,"showMaterialUpdate":false,"showSkybox":false,"showFlares":true,"showImageEffects":true,"showParticleSystems":true},"in2DMode":false,"pivot":{"x":-0.060828208923339847,"y":0.0032789278775453569,"z":-0.0037137120962142946},"rotation":{"x":-0.02575780265033245,"y":0.8788449764251709,"z":-0.04778534173965454,"w":-0.4740860164165497},"size":0.1307147741317749,"orthographic":false}