{"cameraMode":{"drawMode":0,"name":"Shaded","section":"Shading Mode"},"sceneLighting":false,"audioPlay":false,"sceneViewState":{"showFog":true,"showMaterialUpdate":false,"showSkybox":false,"showFlares":true,"showImageEffects":true,"showParticleSystems":true},"in2DMode":false,"pivot":{"x":4.392708778381348,"y":0.18656229972839356,"z":0.18665432929992677},"rotation":{"x":-0.06520680338144303,"y":-0.8061071634292603,"z":0.08994528651237488,"w":-0.5813922882080078},"size":4.527067184448242,"orthographic":false}