{"cameraMode":{"drawMode":0,"name":"Shaded","section":"Shading Mode"},"sceneLighting":false,"audioPlay":false,"sceneViewState":{"showFog":true,"showMaterialUpdate":false,"showSkybox":false,"showFlares":true,"showImageEffects":true,"showParticleSystems":true},"in2DMode":false,"pivot":{"x":-0.09204436093568802,"y":0.01855391263961792,"z":-0.23965221643447877},"rotation":{"x":0.0026028493884950878,"y":0.9766860008239746,"z":-0.2146516889333725,"w":-0.004810113925486803},"size":0.5961843729019165,"orthographic":false}