{"cameraMode":{"drawMode":0,"name":"Shaded","section":"Shading Mode"},"sceneLighting":false,"audioPlay":false,"sceneViewState":{"showFog":true,"showMaterialUpdate":false,"showSkybox":false,"showFlares":true,"showImageEffects":true,"showParticleSystems":true},"in2DMode":false,"pivot":{"x":0.0,"y":0.00005589984357357025,"z":1.6763806343078614e-8},"rotation":{"x":0.058264508843421939,"y":-0.2929859459400177,"z":0.020721005275845529,"w":0.9541672468185425},"size":0.01323479413986206,"orthographic":false}