{"cameraMode":{"drawMode":0,"name":"Shaded","section":"Shading Mode"},"sceneLighting":false,"audioPlay":false,"sceneViewState":{"showFog":true,"showMaterialUpdate":false,"showSkybox":false,"showFlares":false,"showImageEffects":true,"showParticleSystems":false},"in2DMode":false,"pivot":{"x":1.0851629972457886,"y":0.7795284390449524,"z":-0.013892650604248047},"rotation":{"x":0.05635562911629677,"y":0.1535026729106903,"z":-0.0007983705145306885,"w":0.9869962930679321},"size":1.7530555725097657,"orthographic":false}