{"cameraMode":{"drawMode":0,"name":"Shaded","section":"Shading Mode"},"sceneLighting":false,"audioPlay":false,"sceneViewState":{"showFog":true,"showMaterialUpdate":false,"showSkybox":false,"showFlares":true,"showImageEffects":true,"showParticleSystems":true},"in2DMode":false,"pivot":{"x":-2.0288212299346926,"y":0.42913228273391726,"z":-0.7154324054718018},"rotation":{"x":0.009481354616582394,"y":0.7801632881164551,"z":0.01122378371655941,"w":-0.6256218552589417},"size":2.4908061027526857,"orthographic":false}