{"cameraMode":{"drawMode":0,"name":"Shaded","section":"Shading Mode"},"sceneLighting":false,"audioPlay":false,"sceneViewState":{"showFog":true,"showMaterialUpdate":false,"showSkybox":false,"showFlares":true,"showImageEffects":true,"showParticleSystems":true},"in2DMode":false,"pivot":{"x":-0.3506746292114258,"y":0.24335938692092896,"z":2.9573206901550295},"rotation":{"x":-0.10963541269302368,"y":0.20266181230545045,"z":-0.025790130719542505,"w":-0.9728533029556274},"size":1.7848200798034669,"orthographic":false}