{"cameraMode":{"drawMode":0,"name":"Shaded","section":"Shading Mode"},"sceneLighting":false,"audioPlay":false,"sceneViewState":{"showFog":true,"showMaterialUpdate":false,"showSkybox":false,"showFlares":true,"showImageEffects":true,"showParticleSystems":true},"in2DMode":false,"pivot":{"x":-0.2123798131942749,"y":-0.07437348365783692,"z":-0.08536219596862793},"rotation":{"x":0.08004947751760483,"y":-0.8886078596115112,"z":0.16872622072696687,"w":0.4194362461566925},"size":1.4696626663208008,"orthographic":false}