{"cameraMode":{"drawMode":0,"name":"Shaded","section":"Shading Mode"},"sceneLighting":false,"audioPlay":false,"sceneViewState":{"showFog":true,"showMaterialUpdate":false,"showSkybox":false,"showFlares":true,"showImageEffects":true,"showParticleSystems":true},"in2DMode":false,"pivot":{"x":-1.3256727457046509,"y":-0.6562954187393189,"z":-2.227863311767578},"rotation":{"x":0.05027427896857262,"y":-0.9477068185806274,"z":0.1874891072511673,"w":0.2540901303291321},"size":3.5117015838623049,"orthographic":false}