{"cameraMode":{"drawMode":0,"name":"Shaded","section":"Shading Mode"},"sceneLighting":false,"audioPlay":false,"sceneViewState":{"showFog":true,"showMaterialUpdate":false,"showSkybox":false,"showFlares":true,"showImageEffects":true,"showParticleSystems":true},"in2DMode":false,"pivot":{"x":-0.07810282707214356,"y":0.174746572971344,"z":-1.7437944412231446},"rotation":{"x":-0.01133131142705679,"y":0.9884424209594727,"z":-0.09549391269683838,"w":-0.11738145351409912},"size":3.076866865158081,"orthographic":false}