{"cameraMode":{"drawMode":0,"name":"Shaded","section":"Shading Mode"},"sceneLighting":false,"audioPlay":false,"sceneViewState":{"showFog":true,"showMaterialUpdate":false,"showSkybox":false,"showFlares":true,"showImageEffects":true,"showParticleSystems":true},"in2DMode":false,"pivot":{"x":-6.5252604484558109,"y":18.76476287841797,"z":34.83878707885742},"rotation":{"x":-0.015205889008939267,"y":0.9504824876785278,"z":-0.3068939745426178,"w":-0.04713178798556328},"size":9.521004676818848,"orthographic":false}