{"cameraMode":{"drawMode":0,"name":"Shaded","section":"Shading Mode"},"sceneLighting":false,"audioPlay":false,"sceneViewState":{"showFog":true,"showMaterialUpdate":false,"showSkybox":false,"showFlares":true,"showImageEffects":true,"showParticleSystems":true},"in2DMode":false,"pivot":{"x":-0.04236006736755371,"y":0.07847321033477783,"z":-0.6204934120178223},"rotation":{"x":-0.05946255847811699,"y":0.27518558502197268,"z":-0.016767777502536775,"w":-0.9595272541046143},"size":2.531045436859131,"orthographic":false}