{"cameraMode":{"drawMode":0,"name":"Shaded","section":"Shading Mode"},"sceneLighting":false,"audioPlay":false,"sceneViewState":{"showFog":true,"showMaterialUpdate":false,"showSkybox":false,"showFlares":true,"showImageEffects":true,"showParticleSystems":true},"in2DMode":false,"pivot":{"x":0.137650728225708,"y":0.23222267627716065,"z":-0.44202888011932375},"rotation":{"x":-0.04015571251511574,"y":0.9540550708770752,"z":-0.24053438007831574,"w":-0.17413930594921113},"size":0.7408429384231567,"orthographic":false}