{"cameraMode":{"drawMode":0,"name":"Shaded","section":"Shading Mode"},"sceneLighting":false,"audioPlay":false,"sceneViewState":{"showFog":true,"showMaterialUpdate":false,"showSkybox":false,"showFlares":true,"showImageEffects":true,"showParticleSystems":true},"in2DMode":false,"pivot":{"x":3.751187324523926,"y":-2.5496559143066408,"z":2.4833884239196779},"rotation":{"x":-0.15409421920776368,"y":-0.3854798376560211,"z":0.06576050817966461,"w":-0.9075093269348145},"size":3.278763771057129,"orthographic":false}