{"cameraMode":{"drawMode":0,"name":"Shaded","section":"Shading Mode"},"sceneLighting":false,"audioPlay":false,"sceneViewState":{"showFog":true,"showMaterialUpdate":false,"showSkybox":false,"showFlares":true,"showImageEffects":true,"showParticleSystems":true},"in2DMode":false,"pivot":{"x":0.20993882417678834,"y":-0.014098554849624634,"z":-0.02425450086593628},"rotation":{"x":-0.07896377891302109,"y":-0.9015767574310303,"z":0.1869243085384369,"w":-0.3823873698711395},"size":2.1261074542999269,"orthographic":false}