{"cameraMode":{"drawMode":0,"name":"Shaded","section":"Shading Mode"},"sceneLighting":true,"audioPlay":false,"sceneViewState":{"showFog":true,"showMaterialUpdate":false,"showSkybox":true,"showFlares":false,"showImageEffects":true,"showParticleSystems":false},"in2DMode":false,"pivot":{"x":-20.352031707763673,"y":2.8839285373687746,"z":37.5},"rotation":{"x":-0.16982533037662507,"y":-0.20580627024173737,"z":0.028471024706959726,"w":-0.9638141989707947},"size":3.648007869720459,"orthographic":false}