{"cameraMode":{"drawMode":0,"name":"Shaded","section":"Shading Mode"},"sceneLighting":false,"audioPlay":false,"sceneViewState":{"showFog":true,"showMaterialUpdate":false,"showSkybox":false,"showFlares":true,"showImageEffects":true,"showParticleSystems":true},"in2DMode":false,"pivot":{"x":1.3987441062927247,"y":0.8210688829421997,"z":1.8154304027557374},"rotation":{"x":0.38252541422843935,"y":-0.027889518067240716,"z":-0.012723964639008046,"w":-0.9236226081848145},"size":1.8222408294677735,"orthographic":false}