{"cameraMode":{"drawMode":0,"name":"Shaded","section":"Shading Mode"},"sceneLighting":false,"audioPlay":false,"sceneViewState":{"showFog":true,"showMaterialUpdate":false,"showSkybox":false,"showFlares":true,"showImageEffects":true,"showParticleSystems":true},"in2DMode":false,"pivot":{"x":-0.1342410445213318,"y":-0.1215125322341919,"z":0.5431634187698364},"rotation":{"x":0.2751099467277527,"y":-0.6519683599472046,"z":0.28251805901527407,"w":0.6476850509643555},"size":0.6247450113296509,"orthographic":false}