{"cameraMode":{"drawMode":0,"name":"Shaded","section":"Shading Mode"},"sceneLighting":false,"audioPlay":false,"sceneViewState":{"showFog":true,"showMaterialUpdate":false,"showSkybox":false,"showFlares":true,"showImageEffects":true,"showParticleSystems":true},"in2DMode":false,"pivot":{"x":0.028378691524267198,"y":-0.010946027934551239,"z":0.035085007548332217},"rotation":{"x":-0.46293169260025027,"y":0.21309269964694978,"z":-0.11892099678516388,"w":-0.8521658182144165},"size":0.056470632553100589,"orthographic":false}